{"meta_train_accuracy": 0.24375000479631126, "meta_train_loss": 2.398802600800991, "meta_valid_accuracy": 0.2140625041211024, "meta_valid_loss": 2.484404981136322, "meta_test_accuracy": 0.23593750351574272, "meta_test_loss": 2.4829472675919533, "_runtime": 339, "_timestamp": 1629500788, "_step": 23}