{"meta_train_accuracy": 0.05312500090803951, "meta_train_loss": 2.997266359627247, "meta_valid_accuracy": 0.054687501047737896, "meta_valid_loss": 2.9976954832673073, "meta_test_accuracy": 0.054687500931322575, "meta_test_loss": 3.000836990773678, "_runtime": 296, "_timestamp": 1629500606, "_step": 46}