{"meta_train_accuracy": 0.04218750062864274, "meta_train_loss": 2.9976255372166634, "meta_valid_accuracy": 0.0437500006519258, "meta_valid_loss": 2.9963157325983047, "meta_test_accuracy": 0.0578125009778887, "meta_test_loss": 2.9982233718037605, "_runtime": 478, "_timestamp": 1629500788, "_step": 64}