{"meta_train_accuracy": 0.05000000074505806, "meta_train_loss": 2.995739370584488, "meta_valid_accuracy": 0.05000000074505806, "meta_valid_loss": 2.9957394003868103, "meta_test_accuracy": 0.05000000074505806, "meta_test_loss": 2.9957384914159775, "_runtime": 272, "_timestamp": 1629500610, "_step": 80}