{"meta_train_accuracy": 0.05000000074505806, "meta_train_loss": 2.995732605457306, "meta_valid_accuracy": 0.05000000074505806, "meta_valid_loss": 2.9957326352596283, "meta_test_accuracy": 0.05000000074505806, "meta_test_loss": 2.995732679963112, "_runtime": 449, "_timestamp": 1629500787, "_step": 113}