{"meta_train_accuracy": 0.6287499908357859, "meta_train_loss": 1.7361038774251938, "meta_valid_accuracy": 0.6509374883025885, "meta_valid_loss": 1.6967748031020164, "meta_test_accuracy": 0.6481249863281846, "meta_test_loss": 1.669960368424654, "_runtime": 443, "_timestamp": 1629500765, "_step": 12}