{"Meta Trn Acc": 0.3312500072643161, "Meta Trn Loss": 1.5542057566344738, "Meta Val Acc": 0.3937500095926225, "Meta Val Loss": 1.5060171447694302, "Meta Test Acc": 0.3500000089406967, "Meta Test Loss": 1.5304359681904316, "_runtime": 110, "_timestamp": 1629495342, "_step": 20}