{"Meta Trn Acc": 0.7549999710172415, "Meta Trn Loss": 0.6669760243967175, "Meta Val Acc": 0.7862499747425318, "Meta Val Loss": 0.6185048795305192, "Meta Test Acc": 0.7462499774992466, "Meta Test Loss": 0.6678702780045569, "_runtime": 231, "_timestamp": 1629499451, "_step": 22}