{"Meta Trn Acc": 0.051562500768341124, "Meta Trn Loss": 2.995653733611107, "Meta Val Acc": 0.05000000074505806, "Meta Val Loss": 2.995771326124668, "Meta Test Acc": 0.048437500721774995, "Meta Test Loss": 2.9956909865140915, "_runtime": 680, "_timestamp": 1629499752, "_step": 78}