{"Meta Trn Acc": 0.6500000134110451, "Meta Trn Loss": 0.930160834454, "Meta Val Acc": 0.612500011920929, "Meta Val Loss": 0.9783682012930512, "Meta Test Acc": 0.5875000120140612, "Meta Test Loss": 1.0942212911322713, "_runtime": 699, "_timestamp": 1629499754, "_step": 282}