{"Meta Trn Acc": 0.6000000103376806, "Meta Trn Loss": 1.0779638523235917, "Meta Val Acc": 0.6125000133179128, "Meta Val Loss": 0.9878592677414417, "Meta Test Acc": 0.5750000132247806, "Meta Test Loss": 1.093190697953105, "_runtime": 396, "_timestamp": 1629499451, "_step": 158}