{"Meta Trn Acc": 0.24687500344589353, "Meta Trn Loss": 2.4342395663261414, "Meta Val Acc": 0.22812500107102096, "Meta Val Loss": 2.607304260134697, "Meta Test Acc": 0.24062500428408384, "Meta Test Loss": 2.5069497376680374, "_runtime": 796, "_timestamp": 1629499746, "_step": 189}