{"Meta Trn Acc": 0.0437500006519258, "Meta Trn Loss": 2.996682733297348, "Meta Val Acc": 0.03125000046566129, "Meta Val Loss": 2.9968129694461823, "Meta Test Acc": 0.06250000186264515, "Meta Test Loss": 2.994697093963623, "_runtime": 750, "_timestamp": 1629499752, "_step": 552}