{"Meta Trn Acc": 0.33750000689178705, "Meta Trn Loss": 1.5200278162956238, "Meta Val Acc": 0.2437500050291419, "Meta Val Loss": 1.575984064489603, "Meta Test Acc": 0.3062500059604645, "Meta Test Loss": 1.5537824966013432, "_runtime": 95, "_timestamp": 1629495485, "_step": 17}