{"Meta Trn Acc": 0.7449999749660492, "Meta Trn Loss": 0.651565570384264, "Meta Val Acc": 0.7449999898672104, "Meta Val Loss": 0.6522707752883434, "Meta Test Acc": 0.6749999783933163, "Meta Test Loss": 0.8345057629048824, "_runtime": 433, "_timestamp": 1629499450, "_step": 177}