{"meta_train_accuracy": 0.13125000218860805, "meta_train_loss": 2.696146309375763, "meta_valid_accuracy": 0.12187500298023224, "meta_valid_loss": 2.734327882528305, "meta_test_accuracy": 0.11562500218860805, "meta_test_loss": 2.7649148404598236, "_runtime": 322, "_timestamp": 1629500787, "_step": 44}