{"meta_train_accuracy": 0.11875000293366611, "meta_train_loss": 2.844492405653, "meta_valid_accuracy": 0.11562500288709998, "meta_valid_loss": 2.8118181377649307, "meta_test_accuracy": 0.10937500256113708, "meta_test_loss": 2.864574506878853, "_runtime": 145, "_timestamp": 1629500610, "_step": 22}