{"meta_train_accuracy": 0.612499987706542, "meta_train_loss": 0.9915729388594627, "meta_valid_accuracy": 0.6349999904632568, "meta_valid_loss": 0.9550450071692467, "meta_test_accuracy": 0.6349999792873859, "meta_test_loss": 0.9032212514430285, "_runtime": 461, "_timestamp": 1629500789, "_step": 102}