{"Meta Trn Acc": 0.2875000052154064, "Meta Trn Loss": 1.6594649776816368, "Meta Val Acc": 0.2625000039115548, "Meta Val Loss": 1.6547989919781685, "Meta Test Acc": 0.23750000353902578, "Meta Test Loss": 1.5952268168330193, "_runtime": 64, "_timestamp": 1629497368, "_step": 21}