{"Meta Trn Acc": 0.4250000063329935, "Meta Trn Loss": 1.407835215330124, "Meta Val Acc": 0.475000012665987, "Meta Val Loss": 1.2543980777263641, "Meta Test Acc": 0.45000001043081284, "Meta Test Loss": 1.3733481168746948, "_runtime": 219, "_timestamp": 1629497240, "_step": 185}