{"meta_train_accuracy": 0.7149999774992466, "meta_train_loss": 0.9168229103088379, "meta_valid_accuracy": 0.6499999836087227, "meta_valid_loss": 0.9371464513242245, "meta_test_accuracy": 0.7449999749660492, "meta_test_loss": 0.730306264013052, "_runtime": 292, "_timestamp": 1629500609, "_step": 103}