{"meta_train_accuracy": 0.8699999824166298, "meta_train_loss": 0.4418714940547943, "meta_valid_accuracy": 0.809999980032444, "meta_valid_loss": 0.5264906324446201, "meta_test_accuracy": 0.804999977350235, "meta_test_loss": 0.5636757221072912, "_runtime": 472, "_timestamp": 1629500789, "_step": 143}