{"Meta Trn Acc": 0.11374999670078978, "Meta Trn Loss": 2.923611544072628, "Meta Val Acc": 0.11249999620486051, "Meta Val Loss": 2.9236911833286285, "Meta Test Acc": 0.12062499753665179, "Meta Test Loss": 2.9067176207900047, "_runtime": 128, "_timestamp": 1629498798, "_step": 4}