{"Meta Trn Acc": 0.5349999852478504, "Meta Trn Loss": 1.0949397832155228, "Meta Val Acc": 0.48749998584389687, "Meta Val Loss": 1.0938378646969795, "Meta Test Acc": 0.5299999844282866, "Meta Test Loss": 1.0983209423720837, "_runtime": 835, "_timestamp": 1629499749, "_step": 265}