{"Meta Trn Acc": 0.5099999830126762, "Meta Trn Loss": 1.1045200675725937, "Meta Val Acc": 0.4524999838322401, "Meta Val Loss": 1.1683697700500488, "Meta Test Acc": 0.5024999864399433, "Meta Test Loss": 1.1279431581497192, "_runtime": 535, "_timestamp": 1629499449, "_step": 170}