{"Meta Trn Acc": 0.11875000293366611, "Meta Trn Loss": 2.7403391897678375, "Meta Val Acc": 0.11250000330619514, "Meta Val Loss": 2.729776978492737, "Meta Test Acc": 0.10937500232830644, "Meta Test Loss": 2.724585384130478, "_runtime": 524, "_timestamp": 1629499449, "_step": 197}