{"Meta Trn Acc": 0.35749999014660716, "Meta Trn Loss": 1.5532720759510994, "Meta Val Acc": 0.22499999310821295, "Meta Val Loss": 1.710107408463955, "Meta Test Acc": 0.19499999284744263, "Meta Test Loss": 1.701740324497223, "_runtime": 38, "_timestamp": 1629497290, "_step": 4}