{"meta_train_accuracy": 0.05000000074505806, "meta_train_loss": 2.995731860399246, "meta_valid_accuracy": 0.05000000074505806, "meta_valid_loss": 2.995731860399246, "meta_test_accuracy": 0.05000000074505806, "meta_test_loss": 2.9957318007946014, "_runtime": 475, "_timestamp": 1629500788, "_step": 249}