{"Meta Trn Acc": 0.29374999017454684, "Meta Trn Loss": 1.5522169843316078, "Meta Val Acc": 0.28999999118968844, "Meta Val Loss": 1.5421362705528736, "Meta Test Acc": 0.24499999405816197, "Meta Test Loss": 1.580576103180647, "_runtime": 67, "_timestamp": 1629498436, "_step": 8}