{"Meta Trn Acc": 0.2249999912455678, "Meta Trn Loss": 1.6085479706525803, "Meta Val Acc": 0.27999999187886715, "Meta Val Loss": 1.6070298254489899, "Meta Test Acc": 0.16999999433755875, "Meta Test Loss": 1.6085719913244247, "_runtime": 106, "_timestamp": 1629498811, "_step": 63}