{"meta_train_accuracy": 0.10312500246800482, "meta_train_loss": 2.9542441442608833, "meta_valid_accuracy": 0.1218750027474016, "meta_valid_loss": 2.941225089132786, "meta_test_accuracy": 0.10312500211875886, "meta_test_loss": 2.9408115595579147, "_runtime": 306, "_timestamp": 1629500784, "_step": 19}