{"meta_train_accuracy": 0.2671875050291419, "meta_train_loss": 2.3630197942256927, "meta_valid_accuracy": 0.2875000052154064, "meta_valid_loss": 2.3884511701762676, "meta_test_accuracy": 0.26093750447034836, "meta_test_loss": 2.3812413550913334, "_runtime": 307, "_timestamp": 1629500609, "_step": 48}