{"meta_train_accuracy": 0.33593750605359674, "meta_train_loss": 2.1839708127081394, "meta_valid_accuracy": 0.2984375045634806, "meta_valid_loss": 2.3123960234224796, "meta_test_accuracy": 0.3187500056810677, "meta_test_loss": 2.2550152465701103, "_runtime": 485, "_timestamp": 1629500787, "_step": 65}