{"Meta Trn Acc": 0.05000000074505806, "Meta Trn Loss": 2.995539627969265, "Meta Val Acc": 0.05000000074505806, "Meta Val Loss": 2.995806574821472, "Meta Test Acc": 0.05000000074505806, "Meta Test Loss": 2.9958083033561707, "_runtime": 411, "_timestamp": 1629499448, "_step": 73}