{"meta_train_accuracy": 0.03124999930150807, "meta_train_loss": 3.0031126588582993, "meta_valid_accuracy": 0.06999999820254743, "meta_valid_loss": 2.9904986023902893, "meta_test_accuracy": 0.05499999888706952, "meta_test_loss": 2.998988389968872, "_runtime": 456, "_timestamp": 1629500782, "_step": 30}