{"meta_train_accuracy": 0.05000000074505806, "meta_train_loss": 2.995732218027115, "meta_valid_accuracy": 0.05000000074505806, "meta_valid_loss": 2.99573215842247, "meta_test_accuracy": 0.05000000074505806, "meta_test_loss": 2.995732545852661, "_runtime": 453, "_timestamp": 1629500788, "_step": 231}