{"Meta Trn Acc": 0.8274999782443047, "Meta Trn Loss": 0.46668747276999056, "Meta Val Acc": 0.8174999766051769, "Meta Val Loss": 0.4931212472729385, "Meta Test Acc": 0.8062499780207872, "Meta Test Loss": 0.5645400923676789, "_runtime": 800, "_timestamp": 1629499739, "_step": 85}