{"Meta Trn Acc": 0.3774999901652336, "Meta Trn Loss": 1.2869462817907333, "Meta Val Acc": 0.3649999853223562, "Meta Val Loss": 1.3428682163357735, "Meta Test Acc": 0.39749998413026333, "Meta Test Loss": 1.2379911318421364, "_runtime": 113, "_timestamp": 1629497007, "_step": 22}