{"meta_train_accuracy": 0.2062499951571226, "meta_train_loss": 1.6056325696408749, "meta_valid_accuracy": 0.20249999407678843, "meta_valid_loss": 1.6098945140838623, "meta_test_accuracy": 0.20499999448657036, "meta_test_loss": 1.60697665438056, "_runtime": 454, "_timestamp": 1629500785, "_step": 50}