{"meta_train_accuracy": 0.7999999783933163, "meta_train_loss": 0.5830005556344986, "meta_valid_accuracy": 0.7724999776110053, "meta_valid_loss": 0.6751088816672564, "meta_test_accuracy": 0.796249981969595, "meta_test_loss": 0.5955216861329973, "_runtime": 482, "_timestamp": 1629500789, "_step": 36}